<?xml version="1.0" encoding="UTF-8"?>
<!-- Prophet TV Prediction Scene - Professional Market List -->
<component name="PredictionScene" extends="Scene">
    <interface>
        <field id="exitRequested" type="boolean" value="false" />
    </interface>

    <script type="text/brightscript" uri="PredictionScene.brs" />

    <children>
        <!-- Background -->
        <Rectangle id="backgroundRect" width="1920" height="1080" color="#050510" />
        
        <!-- Ambient Glow -->
        <Rectangle id="ambientGlow" width="1920" height="500" color="#3b0764" opacity="0.4" />

        <!-- Header -->
        <Group id="header" translation="[60,50]">
            <Label id="headerIcon" text="🎯" font="font:LargestBoldSystemFont" color="#f59e0b" />
            <Label id="headerTitle" translation="[80,10]" text="Prediction Markets" font="font:LargeBoldSystemFont" color="#ffffff" />
            <Label id="headerSubtitle" translation="[80,60]" text="Live Probaiblity &amp; Volume" font="font:SmallSystemFont" color="#ffffff50" />
        </Group>

        <!-- Markets List -->
        <MarkupGrid id="marketGrid" 
            translation="[60,180]" 
            itemComponentName="PredictionMarketCard" 
            numColumns="1" 
            numRows="5" 
            itemSize="[880,130]" 
            itemSpacing="[0,20]" 
            vertFocusAnimationStyle="fixedFocusWrap"
            drawFocusFeedback="false" />

        <!-- Leaderboard (Right Side - Simplified for now) -->
        <Group id="leaderboard" translation="[1000,180]">
            <Rectangle id="leaderboardBg" width="860" height="800" color="#ffffff05" />
            <Label id="leaderboardTitle" translation="[40,40]" text="🏆 Top Predictors" font="font:MediumBoldSystemFont" color="#f59e0b" />
            
            <Label id="leaderText" translation="[40,100]" 
                text="1. CryptoWizard - 85% ($450k won)&#xA;2. MoonHunter - 82% ($320k won)&#xA;3. DiamondHands - 79% ($210k won)&#xA;4. BTCMaxi - 77% ($180k won)&#xA;5. SolanaKing - 75% ($150k won)" 
                font="font:MediumSystemFont" 
                color="#ffffff80" 
                lineSpacing="15" />
                
            <!-- Stats -->
            <Group translation="[40,500]">
                <Rectangle width="780" height="2" color="#ffffff10" />
                <Label text="Your Stats" translation="[0,20]" font="font:SmallBoldSystemFont" color="#bc13fe" />
                <Label text="Accuracy: 72% • Rank: #42" translation="[0,60]" font="font:MediumSystemFont" color="#ffffff" />
            </Group>
        </Group>

        <!-- Navigation Hint -->
        <Label id="navHint" translation="[60,980]" text="↑↓ Navigate Markets  •  OK Details  •  BACK Exit" font="font:SmallSystemFont" color="#ffffff30" />

        <!-- Crypto Service -->
        <CryptoService id="cryptoService" />
    </children>
</component>
