<?xml version="1.0" encoding="UTF-8"?>
<!-- Prophet TV Settings Scene - Simplified -->
<component name="SettingsScene" extends="Group">
    <interface>
        <field id="exitRequested" type="boolean" value="false" />
        <field id="launchMode" type="string" value="" />
    </interface>

    <script type="text/brightscript" uri="SettingsScene.brs" />

    <children>
        <!-- Background -->
        <Rectangle id="backgroundRect"
            width="1920"
            height="1080"
            color="#050510" />

        <!-- Header -->
        <Group id="header" translation="[60,50]">
            <Label id="headerTitle"
                text="⚙️ Settings"
                font="font:LargeBoldSystemFont"
                color="#ffffff" />
        </Group>

        <!-- Simple Menu using RowList alternative: Manual buttons -->
        <Group id="menuGroup" translation="[60,150]">
            <!-- Menu Items -->
            <Group id="menuItem0" translation="[0,0]">
                <Rectangle id="menuBg0" width="600" height="70" color="#bc13fe" />
                <Label id="menuLabel0" translation="[20,20]" text="💎 Launch Screensaver" font="font:MediumBoldSystemFont" color="#ffffff" />
            </Group>
            
            <Group id="menuItem1" translation="[0,90]">
                <Rectangle id="menuBg1" width="600" height="70" color="#ffffff10" />
                <Label id="menuLabel1" translation="[20,20]" text="🌊 Launch Ambient Mode" font="font:MediumBoldSystemFont" color="#ffffff" />
            </Group>
            
            <Group id="menuItem2" translation="[0,180]">
                <Rectangle id="menuBg2" width="600" height="70" color="#ffffff10" />
                <Label id="menuLabel2" translation="[20,20]" text="🖼️ Launch NFT Gallery" font="font:MediumBoldSystemFont" color="#ffffff" />
            </Group>
            
            <Group id="menuItem3" translation="[0,270]">
                <Rectangle id="menuBg3" width="600" height="70" color="#ffffff10" />
                <Label id="menuLabel3" translation="[20,20]" text="🎯 Launch Predictions" font="font:MediumBoldSystemFont" color="#ffffff" />
            </Group>
            
            <Group id="menuItem4" translation="[0,360]">
                <Rectangle id="menuBg4" width="600" height="70" color="#ffffff10" />
                <Label id="menuLabel4" translation="[20,20]" text="🔊 Launch Briefing" font="font:MediumBoldSystemFont" color="#ffffff" />
            </Group>

            <Group id="menuItem5" translation="[0,450]">
                <Rectangle id="menuBg5" width="600" height="70" color="#ffffff10" />
                <Label id="menuLabel5" translation="[20,20]" text="📱 Pair Device" font="font:MediumBoldSystemFont" color="#ffffff" />
            </Group>

            <Group id="menuItem6" translation="[0,540]">
                <Rectangle id="menuBg6" width="600" height="70" color="#ffffff10" />
                <Label id="menuLabel6" translation="[20,20]" text="✨ Launch New UI (Beta)" font="font:MediumBoldSystemFont" color="#ffffff" />
            </Group>
        </Group>

        <!-- Info Panel -->
        <Group id="infoPanel" translation="[700,150]">
            <Rectangle id="infoBg"
                width="1160"
                height="500"
                color="#ffffff08" />
            
            <Label id="infoTitle"
                translation="[40,40]"
                text="Prophet TV"
                font="font:LargeBoldSystemFont"
                color="#bc13fe" />
            
            <Label id="infoText"
                translation="[40,100]"
                text="Use UP/DOWN to navigate, OK to select"
                font="font:MediumSystemFont"
                color="#ffffff70" />
                
            <Label id="infoText2"
                translation="[40,150]"
                text="PLAY button: Ambient Mode"
                font="font:SmallSystemFont"
                color="#ffffff50" />
                
            <Label id="infoText3"
                translation="[40,180]"
                text="OPTIONS button: This menu"
                font="font:SmallSystemFont"
                color="#ffffff50" />
        </Group>

        <!-- Navigation Hint -->
        <Label id="navHint"
            translation="[60,980]"
            text="↑↓ Navigate  •  OK Select  •  BACK Exit"
            font="font:SmallSystemFont"
            color="#ffffff30" />
    </children>
</component>
