<?xml version="1.0" encoding="UTF-8"?>
<!-- QChannel NFTItem - NFT art display in gallery -->
<component name="NFTItem" extends="Group">
    <interface>
        <field id="itemContent" type="node" onChange="onContentSet" />
        <field id="focusPercent" type="float" onChange="onFocusChanged" />
    </interface>

    <script type="text/brightscript" uri="NFTItem.brs" />

    <children>
        <Group id="cardContainer">
            <!-- NFT Art Image -->

            
            <Poster id="nftImage"
                width="260"
                height="200"
                loadDisplayMode="scaleToZoom"
                />

            <!-- Overlay with title -->
            <Rectangle id="titleOverlay"
                translation="[0,150]"
                width="260"
                height="50"
                color="#000000CC" />

            <Label id="nftTitle"
                translation="[10,155]"
                text="NFT #1234"
                font="font:SmallBoldSystemFont"
                color="#ffffff"
                width="240"
                maxLines="1" />

            <Label id="nftPrice"
                translation="[10,175]"
                text="Floor: 0.5 ETH"
                font="font:SmallSystemFont"
                color="#10b981" />

            <!-- Focus border -->
            <Rectangle id="focusBorder"
                width="268"
                height="208"
                translation="[-4,-4]"
                color="#00000000"
                opacity="0" />
        </Group>
    </children>
</component>
