<?xml version="1.0" encoding="utf-8" ?>
<component name="AdService" extends="Task">
    <interface>
        <field id="deviceId" type="string" />
        <field id="venueId" type="string" />
        <field id="walletAddress" type="string" />
        <field id="requestAds" type="boolean" alwaysNotify="true" />
        <field id="connectWallet" type="boolean" alwaysNotify="true" />
        <field id="adsResult" type="assocarray" />
        <field id="walletResult" type="assocarray" />
        <field id="error" type="string" />
    </interface>
    <script type="text/brightscript" uri="AdService.brs" />
</component>
